Lineage,MIN(collection_date),数量
A,2019-12-30,2824
A.1,2020-02-21,3400
A.11,2020-03-20,21
A.12,2020-04-10,6
A.15,2020-04-20,63
A.16,2020-02-15,62
A.17,2020-01-25,12
A.18,2020-06-21,36
A.19,2020-06-04,128
A.2,2020-02-17,1532
A.2.2,2020-03-17,610
A.2.3,2020-03-12,207
A.2.4,2020-02-04,393
A.2.5,2020-04-15,2476
A.2.5.1,2020-04-14,243
A.2.5.2,2020-04-12,1136
A.2.5.3,2021-02-23,100
A.21,2020-04-10,371
A.22,2020-03-15,14
A.23,2020-08-14,102
A.23.1,2020-06-08,1348
A.24,2020-07-10,13
A.25,2020-05-29,56
A.26,2020-03-31,13
A.27,2020-11-26,834
A.28,2020-07-28,283
A.29,2020-08-21,174
A.3,2020-03-03,631
A.30,2021-02-13,4
A.4,2020-03-11,101
A.5,2020-03-01,533
A.6,2020-01-23,209
A.7,2020-05-06,17
A.9,2020-03-21,19
AA.1,2020-08-11,132
AA.2,2020-11-14,130
AA.3,2020-10-21,37
AA.4,2020-10-22,111
AA.5,2020-12-05,62
AA.6,2020-10-13,62
AA.7,2020-11-04,109
AA.8,2020-11-25,45
AB.1,2020-12-01,115
AC.1,2020-10-10,28
AD.1,2020-11-02,241
AD.2,2020-07-14,4533
AD.2.1,2020-12-04,21
AE.1,2020-05-02,96
AE.2,2020-06-23,15
AE.3,2020-06-04,32
AE.4,2020-05-25,25
AE.5,2020-06-28,48
AE.6,2020-10-11,29
AE.7,2020-07-09,16
AE.8,2020-07-24,1998
AF.1,2020-10-16,27
AG.1,2020-09-11,14
AH.1,2021-01-05,7
AH.2,2020-08-18,46
AH.3,2020-10-23,267
AJ.1,2020-11-08,22
AK.1,2020-08-07,79
AK.2,2020-09-19,22
AL.1,2020-08-19,514
AM.1,2020-11-09,9
AM.2,2020-11-10,6
AM.3,2020-10-30,30
AM.4,2020-11-05,182
AN.1,2020-07-07,54
AP.1,2020-09-04,662
AQ.1,2020-11-17,13
AQ.2,2020-08-24,9
AS.1,2020-10-21,83
AS.2,2020-09-24,65
AT.1,2021-01-18,197
AU.1,2021-01-01,826
AU.2,2021-01-03,471
AU.3,2021-02-09,630
AV.1,2020-05-12,167
AW.1,2020-10-07,365
AY.1,2021-03-31,3550
AY.10,2021-04-12,1340
AY.100,2020-05-27,93137
AY.101,2021-01-10,7240
AY.102,2021-03-12,2329
AY.102.1,2021-07-08,192
AY.102.2,2021-07-12,302
AY.103,2020-05-07,303801
AY.103.1,2021-07-31,171
AY.103.2,2021-06-29,577
AY.104,2021-02-12,738
AY.105,2021-02-08,1228
AY.106,2021-03-06,3691
AY.107,2021-01-05,4507
AY.108,2021-05-16,786
AY.109,2020-09-11,4313
AY.11,2021-03-31,690
AY.110,2021-04-14,4128
AY.111,2020-06-02,8994
AY.112,2020-08-11,31621
AY.112.1,2021-08-08,2
AY.112.2,2021-01-10,1357
AY.112.3,2021-08-23,287
AY.113,2020-12-16,13283
AY.114,2021-04-15,6593
AY.116,2021-01-21,3799
AY.116.1,2021-03-23,4735
AY.117,2020-05-11,15963
AY.118,2020-05-24,22888
AY.119,2020-06-04,37724
AY.119.1,2020-11-09,663
AY.119.2,2021-01-11,12787
AY.120,2020-10-26,32433
AY.120.1,2020-12-27,4292
AY.120.2,2021-03-10,780
AY.120.2.1,2021-06-06,2175
AY.121,2020-05-11,34322
AY.121.1,2021-01-02,3917
AY.122,2020-05-11,213653
AY.122.1,2021-01-11,4072
AY.122.2,2021-06-22,3410
AY.122.3,2021-10-04,1146
AY.122.4,2021-07-27,2095
AY.122.5,2021-08-08,4164
AY.122.6,2021-09-11,1498
AY.123,2021-02-12,2185
AY.123.1,2021-01-12,235
AY.124,2020-05-11,9736
AY.124.1,2021-06-21,974
AY.124.1.1,2021-06-26,438
AY.125,2020-08-11,29483
AY.125.1,2021-09-07,159
AY.126,2020-09-11,44994
AY.127,2020-09-14,27995
AY.127.1,2021-09-04,211
AY.127.2,2021-10-02,100
AY.127.3,2022-02-26,1
AY.128,2021-05-03,815
AY.129,2020-05-11,14722
AY.13,2020-12-18,7046
AY.131,2021-03-29,609
AY.132,2021-07-20,626
AY.133,2021-07-18,282
AY.134,2021-06-18,2198
AY.14,2021-03-30,14667
AY.15,2021-03-15,671
AY.16,2020-09-21,3743
AY.16.1,2021-06-24,534
AY.17,2021-03-21,571
AY.18,2021-05-11,113
AY.19,2021-04-07,251
AY.2,2021-03-31,3439
AY.20,2020-09-22,36697
AY.20.1,2021-06-20,311
AY.21,2021-05-26,331
AY.22,2021-05-17,501
AY.23,2020-03-12,17527
AY.23.1,2021-08-22,2371
AY.23.2,2021-01-09,347
AY.24,2020-07-29,3447
AY.24.1,2021-07-19,527
AY.25,2020-04-28,141008
AY.25.1,2020-05-12,131461
AY.25.1.1,2021-07-26,163
AY.25.1.2,2021-08-03,499
AY.25.2,2021-07-22,366
AY.25.3,2020-09-18,4410
AY.26,2020-07-31,46120
AY.26.1,2021-06-25,153
AY.27,2021-04-06,22014
AY.28,2021-02-16,850
AY.29,2021-01-28,85360
AY.29.1,2021-05-20,5726
AY.29.2,2021-07-16,2549
AY.3,2020-05-07,165257
AY.3.1,2020-11-20,16198
AY.3.2,2021-07-23,234
AY.3.3,2021-07-09,1155
AY.3.4,2021-11-06,274
AY.30,2021-02-04,3867
AY.31,2021-06-30,33
AY.32,2021-04-15,2261
AY.33,2020-10-26,21165
AY.33.1,2021-06-23,772
AY.33.2,2021-05-16,775
AY.34,2020-11-18,12399
AY.34.1,2020-04-01,7860
AY.34.1.1,2021-07-19,2215
AY.34.2,2021-07-12,2029
AY.35,2020-11-03,1946
AY.36,2020-08-11,13322
AY.36.1,2021-04-12,3047
AY.37,2021-02-18,3570
AY.38,2021-03-18,1868
AY.39,2020-05-28,63238
AY.39.1,2021-01-06,24841
AY.39.1.1,2021-05-09,4706
AY.39.1.2,2021-06-25,7940
AY.39.1.3,2021-07-21,2369
AY.39.1.4,2021-07-11,3978
AY.39.2,2021-07-06,1837
AY.39.3,2021-08-07,104
AY.4,2020-05-11,851148
AY.4.1,2021-06-21,510
AY.4.10,2021-07-19,1894
AY.4.11,2021-06-23,1500
AY.4.12,2021-08-13,621
AY.4.13,2021-06-06,1609
AY.4.14,2021-07-14,790
AY.4.15,2021-07-01,2489
AY.4.16,2021-07-26,264
AY.4.17,2020-11-02,729
AY.4.2,2021-01-01,86398
AY.4.2.1,2020-12-21,18978
AY.4.2.2,2021-01-08,28994
AY.4.2.3,2021-05-27,5891
AY.4.2.4,2021-05-17,196
AY.4.2.5,2021-10-22,792
AY.4.3,2021-06-16,2126
AY.4.4,2021-01-19,3633
AY.4.5,2020-12-04,17042
AY.4.6,2020-06-11,13944
AY.4.7,2021-03-16,3763
AY.4.8,2021-05-24,4566
AY.4.9,2020-08-11,2483
AY.40,2021-05-06,1957
AY.41,2020-10-20,3842
AY.42,2020-10-15,30233
AY.42.1,2021-07-12,449
AY.43,2020-05-01,321627
AY.43.1,2021-07-19,1050
AY.43.2,2021-07-04,1375
AY.43.3,2021-07-12,2298
AY.43.4,2020-10-28,2771
AY.43.5,2021-10-22,354
AY.43.6,2021-08-31,6435
AY.43.7,2021-09-19,197
AY.43.8,2021-01-12,3926
AY.43.9,2021-08-14,936
AY.44,2020-05-20,259792
AY.45,2021-01-09,8495
AY.46,2020-06-01,13995
AY.46.1,2021-05-18,1537
AY.46.2,2021-03-09,1779
AY.46.3,2021-04-04,1604
AY.46.4,2021-01-07,6319
AY.46.5,2021-02-06,10891
AY.46.6,2020-08-11,26901
AY.46.6.1,2021-10-17,184
AY.47,2020-05-21,39060
AY.48,2021-03-22,1853
AY.49,2021-04-10,248
AY.5,2020-11-15,64552
AY.5.1,2021-06-03,282
AY.5.2,2021-05-31,499
AY.5.3,2021-06-19,2412
AY.5.4,2021-04-09,4613
AY.5.5,2021-06-02,634
AY.5.6,2021-07-30,65
AY.5.7,2021-08-21,354
AY.50,2021-03-20,1280
AY.51,2021-03-17,1647
AY.52,2021-04-15,965
AY.53,2021-01-13,3946
AY.54,2021-02-09,12886
AY.55,2021-01-29,341
AY.56,2021-04-12,389
AY.57,2021-01-30,2534
AY.58,2021-03-16,1139
AY.59,2021-01-08,3307
AY.6,2021-03-09,28892
AY.60,2020-07-17,1070
AY.61,2021-04-13,1981
AY.62,2021-04-17,2300
AY.63,2021-06-10,2786
AY.64,2021-04-11,1909
AY.65,2020-09-11,2138
AY.66,2021-01-07,1075
AY.67,2021-04-29,2322
AY.68,2021-02-09,3049
AY.69,2021-05-15,11318
AY.7,2021-05-01,5511
AY.7.1,2021-02-09,10976
AY.7.2,2021-03-16,2280
AY.70,2021-01-07,5631
AY.71,2021-03-09,2117
AY.72,2021-05-23,1268
AY.73,2021-04-02,1470
AY.74,2020-09-19,5981
AY.75,2020-07-15,26693
AY.75.2,2020-06-05,574
AY.75.3,2021-05-17,481
AY.76,2021-05-04,383
AY.77,2020-08-11,851
AY.78,2020-10-28,833
AY.79,2021-01-03,2445
AY.8,2021-04-20,1654
AY.80,2021-02-09,1307
AY.81,2021-04-16,664
AY.82,2020-08-25,654
AY.83,2021-04-28,823
AY.84,2020-05-11,2117
AY.85,2021-01-09,5609
AY.86,2020-10-28,1527
AY.87,2021-05-18,1070
AY.88,2021-04-12,1395
AY.9,2021-01-20,15605
AY.9.2,2020-10-15,48764
AY.9.2.1,2021-07-27,146
AY.9.2.2,2021-08-18,1190
AY.90,2021-05-02,1888
AY.91,2021-02-08,1588
AY.91.1,2021-06-10,280
AY.92,2021-04-10,4604
AY.93,2021-04-05,3903
AY.94,2021-03-09,2544
AY.95,2021-01-07,1375
AY.98,2020-10-14,43422
AY.98.1,2020-11-04,33422
AY.98.1.1,2021-09-07,592
AY.99,2021-01-15,868
AY.99.1,2021-01-03,1500
AY.99.2,2021-02-02,26529
AZ.1,2021-01-22,441
AZ.2,2021-02-05,1245
AZ.2.1,2021-03-15,126
AZ.3,2021-02-08,698
AZ.4,2021-02-08,345
AZ.5,2021-01-06,517
AZ.6,2021-03-04,116
B,2019-12-26,12435
B.1,2020-01-01,128857
B.1.1,2020-01-04,61149
B.1.1.1,2020-03-02,3135
B.1.1.10,2020-03-01,984
B.1.1.100,2020-09-21,25
B.1.1.101,2020-03-31,106
B.1.1.107,2020-06-06,31
B.1.1.109,2020-06-01,24
B.1.1.110,2020-03-24,13
B.1.1.111,2020-05-01,95
B.1.1.112,2020-05-08,17
B.1.1.113,2020-03-15,156
B.1.1.114,2020-03-30,16
B.1.1.115,2020-05-09,113
B.1.1.116,2020-06-17,17
B.1.1.117,2020-04-07,131
B.1.1.118,2020-05-11,95
B.1.1.119,2020-04-06,305
B.1.1.12,2020-06-02,123
B.1.1.120,2020-06-01,33
B.1.1.121,2020-03-31,317
B.1.1.122,2020-05-24,18
B.1.1.123,2020-05-18,56
B.1.1.125,2020-05-21,99
B.1.1.127,2020-04-20,28
B.1.1.128,2020-05-19,188
B.1.1.129,2020-04-09,71
B.1.1.13,2020-03-14,19
B.1.1.130,2020-07-31,65
B.1.1.132,2020-03-17,69
B.1.1.133,2020-03-22,117
B.1.1.134,2020-03-28,90
B.1.1.135,2020-03-12,275
B.1.1.136,2020-06-03,53
B.1.1.137,2020-03-19,77
B.1.1.138,2020-04-04,164
B.1.1.139,2020-06-17,48
B.1.1.14,2020-04-16,58
B.1.1.141,2020-07-22,574
B.1.1.142,2020-03-03,44
B.1.1.144,2020-08-10,37
B.1.1.145,2020-03-31,24
B.1.1.147,2020-06-04,12
B.1.1.148,2020-04-12,122
B.1.1.149,2020-05-01,61
B.1.1.15,2020-06-09,63
B.1.1.152,2020-09-03,26
B.1.1.153,2020-08-06,924
B.1.1.154,2020-03-30,30
B.1.1.155,2020-06-02,15
B.1.1.157,2020-05-20,1174
B.1.1.158,2020-06-01,85
B.1.1.159,2020-08-14,207
B.1.1.16,2020-03-11,24
B.1.1.160,2020-05-03,10
B.1.1.161,2020-03-04,356
B.1.1.162,2020-03-21,15
B.1.1.163,2020-04-01,138
B.1.1.164,2020-03-16,184
B.1.1.165,2020-08-28,65
B.1.1.166,2020-03-15,34
B.1.1.168,2020-03-31,40
B.1.1.169,2020-05-04,57
B.1.1.17,2020-03-06,63
B.1.1.170,2020-07-19,808
B.1.1.171,2020-03-20,286
B.1.1.172,2020-04-06,53
B.1.1.174,2020-03-15,334
B.1.1.175,2020-04-29,14
B.1.1.176,2020-03-12,2747
B.1.1.177,2020-06-04,70
B.1.1.178,2020-04-02,26
B.1.1.180,2020-06-08,90
B.1.1.181,2020-03-22,99
B.1.1.182,2020-09-09,11
B.1.1.184,2020-04-03,16
B.1.1.185,2020-03-31,13
B.1.1.186,2020-06-25,317
B.1.1.187,2020-06-24,106
B.1.1.189,2020-04-11,646
B.1.1.190,2020-03-17,20
B.1.1.191,2020-03-20,212
B.1.1.192,2020-03-21,478
B.1.1.193,2020-09-30,11
B.1.1.194,2020-03-13,150
B.1.1.196,2020-08-26,170
B.1.1.197,2020-04-09,27
B.1.1.198,2020-03-09,686
B.1.1.200,2020-03-28,138
B.1.1.201,2020-04-29,52
B.1.1.202,2020-04-17,16
B.1.1.203,2020-05-20,59
B.1.1.204,2020-03-07,317
B.1.1.205,2020-05-16,233
B.1.1.207,2020-07-31,869
B.1.1.208,2020-03-22,79
B.1.1.209,2020-05-06,98
B.1.1.210,2020-03-21,190
B.1.1.213,2020-03-20,49
B.1.1.214,2020-02-22,18901
B.1.1.216,2020-05-06,1018
B.1.1.217,2020-04-26,343
B.1.1.218,2020-05-11,120
B.1.1.219,2020-08-01,199
B.1.1.220,2020-03-23,347
B.1.1.221,2020-03-29,93
B.1.1.222,2020-04-04,5578
B.1.1.224,2020-08-31,62
B.1.1.225,2020-06-16,130
B.1.1.226,2020-04-21,171
B.1.1.227,2020-06-13,230
B.1.1.228,2020-05-13,425
B.1.1.229,2020-08-18,156
B.1.1.230,2020-05-22,114
B.1.1.231,2020-03-13,348
B.1.1.232,2020-03-28,559
B.1.1.234,2020-07-20,70
B.1.1.236,2020-09-01,138
B.1.1.237,2020-05-15,185
B.1.1.239,2020-06-22,35
B.1.1.240,2020-08-27,210
B.1.1.241,2020-04-29,447
B.1.1.242,2020-07-21,24
B.1.1.243,2020-04-24,277
B.1.1.244,2020-04-07,147
B.1.1.249,2020-03-26,14
B.1.1.25,2020-03-31,2186
B.1.1.251,2020-06-02,184
B.1.1.253,2020-05-09,396
B.1.1.254,2020-03-14,89
B.1.1.255,2020-05-21,320
B.1.1.256,2020-04-30,76
B.1.1.257,2020-03-02,97
B.1.1.258,2020-05-26,320
B.1.1.26,2020-04-02,193
B.1.1.261,2020-03-31,107
B.1.1.262,2020-04-28,49
B.1.1.263,2020-04-03,678
B.1.1.265,2020-04-11,353
B.1.1.266,2020-05-23,85
B.1.1.267,2020-03-24,94
B.1.1.268,2020-05-31,67
B.1.1.269,2020-05-19,579
B.1.1.27,2020-03-21,171
B.1.1.270,2020-03-21,97
B.1.1.271,2020-03-11,20
B.1.1.272,2020-08-17,220
B.1.1.273,2020-04-23,152
B.1.1.274,2020-04-03,267
B.1.1.275,2020-03-19,70
B.1.1.277,2020-03-17,1300
B.1.1.279,2020-03-21,901
B.1.1.28,2020-03-05,4425
B.1.1.280,2020-07-30,330
B.1.1.282,2020-03-26,71
B.1.1.283,2020-03-16,45
B.1.1.284,2020-05-22,9530
B.1.1.285,2020-01-09,158
B.1.1.286,2020-06-04,344
B.1.1.288,2020-07-20,526
B.1.1.289,2020-03-20,480
B.1.1.29,2020-04-08,98
B.1.1.290,2020-05-11,57
B.1.1.291,2020-03-09,1442
B.1.1.294,2020-03-31,849
B.1.1.296,2020-03-20,53
B.1.1.297,2020-07-16,425
B.1.1.298,2020-06-08,1604
B.1.1.299,2020-05-22,79
B.1.1.3,2020-03-18,109
B.1.1.30,2020-05-18,13
B.1.1.300,2020-06-11,92
B.1.1.301,2020-05-22,837
B.1.1.302,2020-07-06,484
B.1.1.303,2020-06-09,362
B.1.1.304,2020-03-31,368
B.1.1.305,2020-04-10,248
B.1.1.306,2020-03-01,2094
B.1.1.307,2020-07-29,2178
B.1.1.308,2020-08-31,84
B.1.1.309,2020-05-20,168
B.1.1.31,2020-06-07,15
B.1.1.310,2020-05-15,67
B.1.1.311,2020-07-29,2717
B.1.1.312,2020-08-13,476
B.1.1.315,2020-08-01,111
B.1.1.316,2020-05-17,1235
B.1.1.317,2020-03-19,2618
B.1.1.318,2020-05-14,3965
B.1.1.319,2020-03-02,38
B.1.1.320,2020-09-01,65
B.1.1.322,2020-04-13,124
B.1.1.323,2020-02-29,71
B.1.1.324,2020-04-05,21
B.1.1.325,2020-07-16,40
B.1.1.326,2020-03-23,584
B.1.1.327,2020-11-22,7
B.1.1.328,2020-05-04,140
B.1.1.329,2020-06-02,303
B.1.1.33,2020-03-01,3183
B.1.1.330,2021-01-02,15
B.1.1.331,2020-02-26,105
B.1.1.332,2020-07-01,40
B.1.1.333,2020-01-29,964
B.1.1.334,2020-05-23,7
B.1.1.335,2020-03-19,58
B.1.1.336,2020-09-01,85
B.1.1.337,2020-06-27,352
B.1.1.338,2020-12-02,59
B.1.1.339,2020-03-19,96
B.1.1.34,2020-04-15,72
B.1.1.340,2020-04-06,21
B.1.1.341,2020-09-14,17
B.1.1.342,2020-06-16,17
B.1.1.343,2020-11-09,20
B.1.1.344,2020-04-09,105
B.1.1.345,2020-11-10,24
B.1.1.346,2020-09-21,34
B.1.1.347,2020-07-14,55
B.1.1.348,2020-04-30,1483
B.1.1.349,2020-08-04,113
B.1.1.350,2020-03-23,15
B.1.1.351,2020-09-10,388
B.1.1.352,2020-09-29,45
B.1.1.353,2020-09-08,52
B.1.1.354,2020-05-19,347
B.1.1.355,2020-09-10,59
B.1.1.356,2020-05-20,99
B.1.1.357,2020-07-01,10
B.1.1.358,2020-09-10,38
B.1.1.359,2020-04-10,66
B.1.1.360,2020-04-03,43
B.1.1.361,2020-06-04,21
B.1.1.362,2020-03-31,257
B.1.1.363,2020-03-30,170
B.1.1.364,2020-06-09,15
B.1.1.365,2020-04-29,178
B.1.1.366,2020-03-28,59
B.1.1.367,2020-05-14,18
B.1.1.368,2020-06-09,348
B.1.1.369,2020-03-02,2219
B.1.1.37,2020-03-23,5100
B.1.1.370,2020-04-05,23
B.1.1.371,2020-03-07,91
B.1.1.372,2020-03-08,1434
B.1.1.373,2020-08-07,74
B.1.1.374,2020-10-23,474
B.1.1.375,2020-09-10,80
B.1.1.376,2020-05-11,181
B.1.1.377,2020-10-19,726
B.1.1.378,2020-03-16,115
B.1.1.379,2020-04-05,33
B.1.1.38,2020-05-25,18
B.1.1.380,2020-03-10,110
B.1.1.381,2020-03-26,26
B.1.1.382,2020-04-19,29
B.1.1.383,2020-04-29,16
B.1.1.384,2020-12-28,42
B.1.1.385,2020-09-11,282
B.1.1.386,2020-05-30,17
B.1.1.387,2020-08-04,17
B.1.1.388,2020-04-26,5
B.1.1.389,2020-06-18,164
B.1.1.39,2020-07-01,1936
B.1.1.391,2020-03-14,142
B.1.1.392,2020-08-26,20
B.1.1.393,2020-11-04,4
B.1.1.394,2020-06-21,40
B.1.1.395,2020-04-27,19
B.1.1.396,2020-07-25,6
B.1.1.397,2020-08-08,489
B.1.1.398,2020-03-19,392
B.1.1.399,2020-04-15,9
B.1.1.4,2020-03-31,335
B.1.1.40,2020-04-20,32
B.1.1.400,2020-03-29,25
B.1.1.401,2020-06-01,15
B.1.1.402,2020-04-11,92
B.1.1.403,2020-09-03,40
B.1.1.404,2020-05-25,81
B.1.1.405,2020-09-14,13
B.1.1.406,2020-03-25,153
B.1.1.407,2020-06-09,76
B.1.1.408,2020-07-11,18
B.1.1.409,2020-02-28,374
B.1.1.41,2020-03-21,164
B.1.1.410,2020-05-19,28
B.1.1.411,2020-03-22,76
B.1.1.412,2020-06-18,134
B.1.1.413,2020-09-07,148
B.1.1.414,2020-07-14,7
B.1.1.415,2020-11-28,20
B.1.1.416,2020-03-19,1440
B.1.1.417,2020-06-23,186
B.1.1.418,2020-10-06,55
B.1.1.419,2020-03-14,222
B.1.1.420,2020-04-17,1355
B.1.1.421,2020-05-27,29
B.1.1.422,2020-10-26,19
B.1.1.423,2020-05-19,16
B.1.1.424,2020-04-05,35
B.1.1.425,2020-08-25,22
B.1.1.426,2020-06-16,21
B.1.1.427,2020-07-25,8
B.1.1.428,2020-10-26,112
B.1.1.429,2020-09-15,225
B.1.1.43,2020-03-25,67
B.1.1.430,2020-06-03,22
B.1.1.431,2020-06-23,55
B.1.1.432,2020-04-24,853
B.1.1.433,2020-08-09,712
B.1.1.434,2020-06-01,2979
B.1.1.435,2020-09-26,32
B.1.1.436,2020-03-23,39
B.1.1.437,2020-06-08,92
B.1.1.438,2020-03-12,20
B.1.1.44,2020-02-28,395
B.1.1.440,2020-05-09,83
B.1.1.441,2020-06-26,19
B.1.1.442,2020-05-13,57
B.1.1.444,2020-07-27,7
B.1.1.445,2020-12-14,25
B.1.1.446,2020-08-15,9
B.1.1.447,2020-05-05,28
B.1.1.448,2020-04-20,564
B.1.1.449,2020-09-04,31
B.1.1.45,2020-05-22,65
B.1.1.450,2020-11-20,29
B.1.1.451,2020-10-10,30
B.1.1.452,2020-09-10,10
B.1.1.453,2020-08-05,155
B.1.1.456,2020-06-18,18
B.1.1.458,2020-05-14,20
B.1.1.459,2020-04-04,66
B.1.1.46,2020-04-20,238
B.1.1.461,2020-09-18,86
B.1.1.462,2020-03-25,108
B.1.1.463,2020-05-11,17
B.1.1.464,2020-03-28,1003
B.1.1.465,2020-04-21,64
B.1.1.466,2020-07-21,43
B.1.1.467,2020-10-08,55
B.1.1.47,2020-07-01,172
B.1.1.48,2020-03-27,358
B.1.1.480,2020-04-13,40
B.1.1.481,2020-08-11,15
B.1.1.482,2020-03-02,58
B.1.1.483,2020-12-06,25
B.1.1.484,2020-05-31,6
B.1.1.485,2020-04-09,57
B.1.1.486,2020-08-13,668
B.1.1.487,2020-03-22,135
B.1.1.49,2020-03-23,57
B.1.1.5,2020-03-16,119
B.1.1.50,2020-03-29,1535
B.1.1.500,2020-04-10,47
B.1.1.506,2020-05-14,25
B.1.1.507,2020-09-07,46
B.1.1.51,2020-03-30,576
B.1.1.512,2020-07-21,44
B.1.1.513,2020-03-16,81
B.1.1.514,2020-04-21,33
B.1.1.515,2020-03-16,51
B.1.1.516,2020-04-14,23
B.1.1.517,2020-11-16,175
B.1.1.518,2020-05-23,195
B.1.1.519,2020-03-24,27043
B.1.1.52,2020-04-11,66
B.1.1.521,2020-05-15,194
B.1.1.522,2021-02-08,52
B.1.1.523,2021-01-02,642
B.1.1.524,2020-11-14,48
B.1.1.525,2021-01-05,146
B.1.1.526,2020-08-31,146
B.1.1.528,2020-12-07,183
B.1.1.529,2020-07-01,8290
B.1.1.53,2020-05-12,81
B.1.1.54,2020-03-19,355
B.1.1.55,2020-04-12,73
B.1.1.56,2020-05-21,27
B.1.1.57,2020-03-31,96
B.1.1.58,2020-04-08,143
B.1.1.59,2020-06-01,157
B.1.1.61,2020-02-29,121
B.1.1.62,2020-05-07,38
B.1.1.63,2020-06-23,1938
B.1.1.67,2020-03-15,241
B.1.1.7,2020-02-07,1140124
B.1.1.70,2020-03-06,3077
B.1.1.71,2020-03-06,167
B.1.1.72,2020-07-25,31
B.1.1.74,2020-03-25,234
B.1.1.75,2020-03-17,98
B.1.1.77,2020-05-28,32
B.1.1.8,2020-03-15,303
B.1.1.82,2020-04-06,28
B.1.1.83,2020-03-21,476
B.1.1.84,2020-06-22,21
B.1.1.86,2020-05-19,26
B.1.1.87,2020-04-10,15
B.1.1.88,2020-03-20,19
B.1.1.89,2020-03-12,163
B.1.1.90,2020-04-11,12
B.1.1.91,2020-04-10,6
B.1.1.92,2020-06-07,30
B.1.1.93,2020-06-16,40
B.1.1.95,2020-04-03,44
B.1.1.97,2020-05-06,37
B.1.1.98,2020-04-05,54
B.1.1.99,2020-04-07,41
B.1.103,2020-04-09,46
B.1.104,2020-03-02,255
B.1.105,2020-03-06,104
B.1.106,2020-04-23,32
B.1.108,2020-02-25,208
B.1.110,2020-03-02,223
B.1.110.1,2020-03-18,10
B.1.110.2,2020-04-03,6
B.1.110.3,2020-03-15,1544
B.1.111,2020-03-07,861
B.1.112,2020-04-06,193
B.1.113,2020-06-03,62
B.1.115,2020-03-17,43
B.1.116,2020-03-29,100
B.1.117,2020-03-30,81
B.1.118,2020-03-09,116
B.1.119,2020-03-12,106
B.1.12,2020-03-04,121
B.1.120,2020-03-27,130
B.1.124,2020-03-19,127
B.1.126,2020-05-05,1290
B.1.127,2020-10-26,499
B.1.128,2020-03-09,1699
B.1.13,2020-03-09,434
B.1.131,2020-05-27,115
B.1.134,2020-04-03,195
B.1.137,2020-04-06,141
B.1.139,2020-03-18,1620
B.1.14,2020-03-16,58
B.1.140,2020-04-30,51
B.1.142,2020-03-12,341
B.1.143,2020-03-28,43
B.1.145,2020-04-21,18
B.1.146,2020-06-16,241
B.1.147,2020-03-04,1372
B.1.149,2020-03-31,308
B.1.151,2020-03-10,94
B.1.153,2020-03-11,86
B.1.157,2020-03-03,210
B.1.158,2020-03-13,13
B.1.159,2020-03-17,78
B.1.160,2020-01-10,29379
B.1.160.10,2020-08-27,121
B.1.160.11,2020-10-08,178
B.1.160.12,2020-10-15,158
B.1.160.13,2020-09-18,36
B.1.160.14,2020-09-01,440
B.1.160.15,2020-09-30,196
B.1.160.16,2020-09-30,1150
B.1.160.17,2020-11-09,594
B.1.160.18,2020-11-10,135
B.1.160.19,2020-11-24,27
B.1.160.20,2020-10-12,121
B.1.160.21,2020-11-24,49
B.1.160.22,2020-10-07,148
B.1.160.23,2020-09-07,199
B.1.160.24,2020-11-23,218
B.1.160.25,2020-12-16,89
B.1.160.26,2020-09-25,407
B.1.160.27,2021-01-05,62
B.1.160.28,2020-09-05,333
B.1.160.29,2020-10-22,236
B.1.160.30,2020-10-21,211
B.1.160.31,2020-10-08,120
B.1.160.32,2020-08-25,203
B.1.160.33,2020-10-30,200
B.1.160.7,2020-10-03,418
B.1.160.8,2020-10-05,691
B.1.160.9,2020-10-19,139
B.1.161,2020-03-27,57
B.1.162,2020-03-15,222
B.1.163,2020-03-16,45
B.1.164,2020-04-24,69
B.1.165,2020-05-01,77
B.1.166,2020-03-04,121
B.1.167,2020-03-27,24
B.1.168,2020-04-23,37
B.1.169,2020-03-31,66
B.1.170,2020-03-19,173
B.1.173,2020-05-16,37
B.1.177,2020-02-02,75250
B.1.177.10,2020-09-02,1152
B.1.177.11,2020-04-04,586
B.1.177.12,2020-03-30,6591
B.1.177.14,2020-07-27,181
B.1.177.15,2020-09-01,1492
B.1.177.16,2020-09-10,1481
B.1.177.17,2020-06-02,1203
B.1.177.18,2020-09-14,836
B.1.177.19,2020-09-03,591
B.1.177.2,2020-09-03,218
B.1.177.20,2020-03-21,657
B.1.177.21,2020-08-24,13088
B.1.177.23,2020-08-17,300
B.1.177.24,2020-08-17,774
B.1.177.25,2020-10-27,39
B.1.177.26,2020-10-03,143
B.1.177.27,2020-10-12,102
B.1.177.28,2020-10-18,136
B.1.177.29,2020-09-07,16
B.1.177.3,2020-08-24,119
B.1.177.30,2020-10-23,338
B.1.177.31,2020-08-24,39
B.1.177.32,2020-08-10,740
B.1.177.33,2020-09-01,484
B.1.177.34,2020-12-06,15
B.1.177.35,2020-10-17,1644
B.1.177.36,2020-09-14,60
B.1.177.37,2020-11-16,33
B.1.177.38,2020-09-11,93
B.1.177.39,2020-10-05,62
B.1.177.4,2020-06-03,4667
B.1.177.40,2020-10-12,181
B.1.177.41,2020-09-20,408
B.1.177.42,2020-10-26,904
B.1.177.43,2020-08-17,657
B.1.177.44,2020-08-07,1850
B.1.177.45,2020-09-12,2601
B.1.177.46,2020-10-29,1107
B.1.177.47,2020-11-26,62
B.1.177.48,2020-09-24,317
B.1.177.49,2020-09-11,27
B.1.177.5,2020-08-29,807
B.1.177.50,2020-08-17,206
B.1.177.51,2020-10-01,225
B.1.177.52,2020-08-18,563
B.1.177.53,2020-08-03,370
B.1.177.54,2020-08-17,1633
B.1.177.55,2020-08-28,420
B.1.177.56,2020-08-12,1481
B.1.177.57,2020-06-02,3463
B.1.177.58,2020-09-25,758
B.1.177.59,2020-09-05,57
B.1.177.6,2020-07-07,918
B.1.177.60,2020-07-09,5316
B.1.177.61,2020-10-17,21
B.1.177.62,2020-10-02,812
B.1.177.63,2020-10-13,356
B.1.177.64,2021-01-04,11
B.1.177.65,2020-08-06,1494
B.1.177.66,2020-10-23,24
B.1.177.67,2020-11-05,127
B.1.177.68,2020-12-27,65
B.1.177.69,2020-09-16,566
B.1.177.7,2020-03-21,5925
B.1.177.70,2020-11-09,164
B.1.177.71,2020-09-21,99
B.1.177.72,2020-11-07,302
B.1.177.73,2020-04-12,1251
B.1.177.74,2020-10-25,76
B.1.177.75,2020-09-02,947
B.1.177.76,2020-10-01,402
B.1.177.77,2020-03-31,1395
B.1.177.78,2020-10-23,102
B.1.177.8,2020-08-31,1311
B.1.177.80,2020-10-21,536
B.1.177.81,2020-05-10,5140
B.1.177.82,2020-08-26,2197
B.1.177.83,2020-08-25,645
B.1.177.84,2020-09-16,144
B.1.177.85,2020-10-23,185
B.1.177.86,2020-09-21,5398
B.1.177.87,2020-08-25,1316
B.1.177.88,2020-12-26,72
B.1.177.89,2020-11-21,50
B.1.177.9,2020-09-02,675
B.1.178,2020-03-15,39
B.1.179,2020-03-09,292
B.1.180,2020-04-06,21
B.1.181,2020-04-20,47
B.1.182,2020-03-13,137
B.1.184,2020-06-18,14
B.1.187,2020-03-28,40
B.1.188,2020-06-05,84
B.1.189,2020-04-14,271
B.1.190,2020-03-13,87
B.1.192,2020-04-21,106
B.1.194,2020-05-23,26
B.1.195,2020-03-17,208
B.1.198,2020-04-03,15
B.1.199,2020-03-16,197
B.1.2,2020-01-04,146339
B.1.201,2020-03-06,177
B.1.203,2020-07-05,17
B.1.205,2020-03-05,43
B.1.206,2020-04-09,1261
B.1.208,2020-03-15,25
B.1.210,2020-03-10,397
B.1.211,2020-03-04,36
B.1.212,2020-03-03,71
B.1.213,2020-05-10,66
B.1.214,2020-04-18,87
B.1.214.1,2020-12-05,51
B.1.214.2,2020-05-11,1749
B.1.214.3,2020-12-14,137
B.1.214.4,2021-01-25,109
B.1.215,2020-03-14,104
B.1.218,2020-07-20,195
B.1.219,2020-03-22,99
B.1.22,2020-03-05,737
B.1.22.1,2020-09-07,39
B.1.220,2020-03-14,89
B.1.221,2020-02-02,13785
B.1.221.1,2020-08-18,340
B.1.221.2,2020-03-21,251
B.1.221.3,2020-09-14,1199
B.1.221.4,2020-09-30,261
B.1.222,2020-02-24,590
B.1.223,2020-02-28,356
B.1.224,2020-03-16,45
B.1.225,2020-03-19,67
B.1.227,2020-03-16,21
B.1.229,2020-03-19,95
B.1.23,2020-03-18,157
B.1.231,2020-03-19,31
B.1.232,2020-04-06,2238
B.1.233,2020-06-16,73
B.1.234,2020-05-22,8667
B.1.235,2020-06-08,394
B.1.236,2020-04-15,553
B.1.237,2020-04-24,244
B.1.238,2020-05-14,67
B.1.239,2020-04-09,1054
B.1.240,2020-03-22,7146
B.1.240.1,2020-08-04,41
B.1.240.2,2020-08-24,33
B.1.241,2020-04-15,1620
B.1.242,2020-04-21,52
B.1.243,2020-03-23,16456
B.1.243.1,2020-12-15,53
B.1.243.2,2021-05-10,74
B.1.245,2020-03-24,36
B.1.247,2020-05-04,45
B.1.248,2020-03-28,37
B.1.249,2020-04-11,13
B.1.250,2020-03-12,73
B.1.251,2020-06-01,46
B.1.252,2020-03-27,151
B.1.254,2020-04-06,40
B.1.256,2020-03-22,59
B.1.258,2020-03-22,15775
B.1.258.10,2020-09-17,87
B.1.258.11,2020-07-07,2481
B.1.258.12,2020-09-20,120
B.1.258.14,2020-10-06,823
B.1.258.15,2020-11-10,50
B.1.258.16,2020-11-23,616
B.1.258.17,2020-08-28,9935
B.1.258.18,2020-10-05,11
B.1.258.19,2020-11-23,141
B.1.258.2,2020-07-03,222
B.1.258.20,2020-09-23,62
B.1.258.21,2020-10-08,121
B.1.258.22,2020-12-07,373
B.1.258.23,2020-11-18,43
B.1.258.24,2020-11-12,138
B.1.258.3,2020-07-06,591
B.1.258.4,2020-09-03,269
B.1.258.5,2020-09-09,114
B.1.258.6,2020-09-10,49
B.1.258.7,2020-08-29,515
B.1.258.9,2020-08-31,202
B.1.260,2020-03-24,143
B.1.263,2020-03-19,20
B.1.264,2020-03-13,82
B.1.264.1,2020-08-26,23
B.1.265,2020-03-15,846
B.1.267,2020-03-24,55
B.1.268,2020-03-18,98
B.1.270,2020-03-18,32
B.1.273,2020-03-13,61
B.1.274,2020-04-13,86
B.1.276,2020-03-22,43
B.1.277,2020-03-04,42
B.1.279,2020-03-15,1985
B.1.280,2020-06-27,124
B.1.281,2020-04-08,39
B.1.282,2020-06-01,67
B.1.284,2020-03-16,57
B.1.285,2020-06-10,12
B.1.287,2020-06-02,32
B.1.289,2020-03-29,407
B.1.291,2020-04-27,62
B.1.292,2020-04-01,17
B.1.293,2020-03-16,80
B.1.294,2020-06-16,80
B.1.298,2020-03-20,492
B.1.3,2020-03-30,577
B.1.301,2020-03-29,193
B.1.302,2020-03-12,79
B.1.304,2020-05-05,47
B.1.305,2020-06-04,603
B.1.306,2020-06-03,189
B.1.308,2020-03-18,141
B.1.309,2020-04-26,23
B.1.310,2020-04-01,15
B.1.311,2020-03-31,4057
B.1.313,2020-04-01,234
B.1.314,2020-03-13,136
B.1.315,2020-03-25,280
B.1.316,2020-04-29,7
B.1.318,2020-06-22,25
B.1.319,2020-03-05,362
B.1.320,2020-03-07,828
B.1.321,2020-03-09,29
B.1.323,2020-03-13,106
B.1.324,2020-03-15,783
B.1.325,2020-03-19,143
B.1.326,2020-04-25,74
B.1.328,2020-05-23,30
B.1.329,2020-03-18,1664
B.1.330,2020-03-24,101
B.1.332,2020-03-07,333
B.1.333,2020-03-17,100
B.1.334,2020-03-20,63
B.1.335,2020-04-28,104
B.1.336,2020-03-13,400
B.1.337,2020-07-03,302
B.1.338,2020-03-16,136
B.1.340,2020-04-06,244
B.1.341,2020-04-25,43
B.1.342,2020-05-23,9
B.1.343,2020-03-09,51
B.1.344,2020-03-12,123
B.1.346,2020-05-19,758
B.1.348,2020-10-07,55
B.1.349,2020-06-05,1479
B.1.35,2020-03-20,118
B.1.350,2020-03-13,307
B.1.350.1,2020-05-25,7
B.1.351,2020-02-18,36710
B.1.351.1,2020-08-18,111
B.1.351.2,2020-11-03,3647
B.1.351.3,2021-01-12,1238
B.1.351.5,2020-05-10,1554
B.1.354,2020-03-12,16
B.1.355,2020-04-01,100
B.1.356,2020-02-28,550
B.1.357,2020-05-21,108
B.1.358,2020-04-01,20
B.1.359,2020-03-09,47
B.1.36,2020-02-16,7441
B.1.36.1,2020-01-10,873
B.1.36.10,2020-04-24,165
B.1.36.12,2020-06-12,105
B.1.36.16,2020-05-03,788
B.1.36.17,2020-07-16,1950
B.1.36.18,2020-05-01,1879
B.1.36.19,2020-06-17,113
B.1.36.2,2020-09-27,86
B.1.36.20,2020-08-20,62
B.1.36.21,2020-10-07,472
B.1.36.22,2020-06-04,820
B.1.36.23,2020-05-08,61
B.1.36.24,2020-06-04,155
B.1.36.25,2020-10-12,455
B.1.36.26,2020-08-26,283
B.1.36.27,2020-09-18,25
B.1.36.28,2020-09-09,168
B.1.36.29,2020-06-21,2509
B.1.36.31,2020-03-08,534
B.1.36.33,2020-05-23,131
B.1.36.34,2020-06-10,46
B.1.36.35,2020-09-25,390
B.1.36.36,2020-09-05,2050
B.1.36.37,2020-10-06,407
B.1.36.38,2020-06-30,429
B.1.36.39,2020-09-21,275
B.1.36.7,2020-08-17,298
B.1.36.8,2020-04-11,924
B.1.36.9,2020-04-21,311
B.1.360,2020-03-17,93
B.1.361,2020-04-15,986
B.1.362,2020-04-03,714
B.1.362.1,2020-09-19,15
B.1.362.2,2020-09-01,213
B.1.363,2020-06-19,120
B.1.366,2020-04-12,219
B.1.367,2020-07-13,983
B.1.369,2020-03-11,4473
B.1.369.1,2020-12-29,37
B.1.37,2020-03-10,74
B.1.370,2020-03-19,124
B.1.371,2020-03-08,870
B.1.372,2020-03-30,91
B.1.375,2020-09-14,1035
B.1.377,2020-04-04,281
B.1.378,2020-03-14,254
B.1.379,2020-03-16,59
B.1.38,2020-03-17,32
B.1.380,2020-03-04,135
B.1.381,2020-04-14,170
B.1.382,2020-04-07,233
B.1.383,2020-03-01,118
B.1.384,2020-03-15,345
B.1.385,2020-06-22,92
B.1.387,2020-03-06,33
B.1.388,2020-06-10,9
B.1.389,2020-08-02,841
B.1.39,2020-03-09,252
B.1.390,2020-03-25,98
B.1.391,2020-03-09,908
B.1.393,2020-05-29,41
B.1.395,2020-03-06,182
B.1.396,2020-06-10,1579
B.1.397,2020-04-07,233
B.1.398,2020-01-10,538
B.1.399,2020-04-26,509
B.1.40,2020-03-18,52
B.1.400,2020-04-15,3060
B.1.400.1,2020-11-09,66
B.1.401,2020-06-04,166
B.1.402,2020-06-19,150
B.1.403,2020-04-07,323
B.1.404,2020-07-06,1067
B.1.405,2020-04-30,90
B.1.406,2020-07-06,177
B.1.407,2020-06-09,27
B.1.408,2020-05-12,277
B.1.409,2020-09-23,1334
B.1.411,2020-10-03,276
B.1.413,2020-03-12,266
B.1.415,2020-03-16,66
B.1.415.1,2021-05-07,126
B.1.416,2020-03-26,843
B.1.416.1,2020-07-24,617
B.1.417,2020-04-02,25
B.1.418,2020-04-24,63
B.1.420,2020-03-11,113
B.1.421,2020-07-15,147
B.1.422,2020-03-13,547
B.1.423,2020-07-01,101
B.1.424,2020-03-16,126
B.1.425,2020-05-07,362
B.1.426,2020-04-06,1135
B.1.427,2020-04-11,24469
B.1.428,2020-03-03,1131
B.1.428.1,2020-04-27,47
B.1.428.2,2020-04-07,44
B.1.428.3,2020-06-03,83
B.1.429,2020-01-26,51071
B.1.429.1,2020-11-28,50
B.1.431,2020-03-30,25
B.1.432,2020-04-25,87
B.1.433,2020-09-10,317
B.1.434,2020-03-22,16
B.1.435,2020-04-10,96
B.1.436,2020-07-08,1159
B.1.437,2020-06-03,48
B.1.438,2020-01-10,143
B.1.438.1,2020-09-16,9903
B.1.438.2,2021-01-06,52
B.1.438.3,2020-12-09,14
B.1.438.4,2020-09-28,75
B.1.439,2020-03-13,172
B.1.44,2020-03-23,121
B.1.441,2020-03-13,106
B.1.442,2020-03-12,33
B.1.443,2020-01-17,677
B.1.444,2020-05-21,66
B.1.445,2020-04-05,104
B.1.446,2020-03-13,44
B.1.448,2020-04-15,447
B.1.450,2020-03-14,97
B.1.451,2020-04-09,116
B.1.452,2020-05-12,83
B.1.453,2020-03-17,372
B.1.456,2020-02-20,67
B.1.458,2020-05-25,9
B.1.459,2020-03-18,270
B.1.460,2020-09-10,47
B.1.462,2020-04-20,44
B.1.463,2020-09-10,123
B.1.465,2020-03-10,257
B.1.466,2020-04-30,40
B.1.466.1,2020-06-09,147
B.1.466.2,2020-08-06,3077
B.1.467,2020-05-17,26
B.1.468,2020-02-13,184
B.1.469,2020-08-21,265
B.1.470,2020-04-09,773
B.1.471,2020-03-25,373
B.1.473,2020-04-01,49
B.1.474,2020-09-21,509
B.1.475,2020-04-05,7
B.1.476,2020-03-29,6
B.1.478,2020-05-10,119
B.1.479,2020-03-25,26
B.1.480,2020-07-03,433
B.1.482,2020-03-17,13
B.1.483,2020-03-15,12
B.1.485,2020-03-25,59
B.1.486,2020-04-28,9
B.1.487,2020-05-24,57
B.1.488,2020-07-13,5
B.1.489,2020-03-26,21
B.1.490,2020-04-20,10
B.1.491,2020-03-14,17
B.1.492,2020-02-02,141
B.1.493,2020-04-03,40
B.1.494,2020-03-05,40
B.1.495,2020-04-19,115
B.1.496,2020-03-15,34
B.1.497,2020-05-05,3181
B.1.498,2020-04-27,45
B.1.499,2020-01-01,1059
B.1.499.1,2020-11-30,6
B.1.500,2020-07-27,12
B.1.501,2020-04-27,141
B.1.502,2020-04-11,20
B.1.503,2020-04-01,408
B.1.504,2020-04-19,34
B.1.505,2020-03-15,297
B.1.506,2020-04-20,37
B.1.507,2020-03-15,109
B.1.508,2020-04-28,40
B.1.509,2020-04-18,1263
B.1.510,2020-03-06,19
B.1.511,2020-05-02,25
B.1.513,2020-03-09,73
B.1.515,2020-04-17,67
B.1.516,2020-03-11,545
B.1.517,2020-04-26,2458
B.1.517.1,2020-12-02,188
B.1.518,2020-03-21,90
B.1.520,2020-03-25,42
B.1.521,2020-03-21,212
B.1.523,2020-03-29,407
B.1.524,2020-08-22,742
B.1.525,2020-03-25,9654
B.1.526,2020-01-28,43622
B.1.527,2020-03-18,258
B.1.528,2020-04-23,21
B.1.529,2020-04-02,18
B.1.530,2020-09-11,180
B.1.531,2020-11-18,13
B.1.532,2020-07-04,161
B.1.533,2020-03-24,79
B.1.534,2020-11-02,81
B.1.535,2020-03-25,33
B.1.536,2020-10-16,56
B.1.537,2020-05-24,46
B.1.538,2020-05-16,84
B.1.539,2020-10-25,68
B.1.540,2020-03-27,78
B.1.541,2020-07-01,236
B.1.542,2020-03-24,31
B.1.543,2020-08-30,104
B.1.544,2020-06-25,189
B.1.545,2020-03-25,71
B.1.546,2020-05-23,278
B.1.547,2020-03-13,60
B.1.548,2020-05-29,29
B.1.549,2020-05-11,243
B.1.550,2020-10-03,71
B.1.551,2020-06-09,1131
B.1.552,2020-03-30,64
B.1.554,2020-04-21,98
B.1.555,2020-03-11,44
B.1.556,2020-06-10,143
B.1.557,2020-04-06,20
B.1.558,2020-04-06,281
B.1.559,2020-03-29,40
B.1.560,2020-05-13,1381
B.1.561,2020-06-18,3107
B.1.562,2020-10-10,52
B.1.563,2020-12-06,73
B.1.564,2020-03-11,3599
B.1.564.1,2020-08-23,373
B.1.565,2020-06-18,1946
B.1.566,2020-03-16,112
B.1.567,2020-03-23,307
B.1.568,2020-10-05,941
B.1.569,2020-07-21,72
B.1.570,2020-05-26,440
B.1.571,2020-06-01,107
B.1.572,2020-04-02,43
B.1.573,2020-06-24,166
B.1.574,2020-06-07,459
B.1.575,2020-10-23,3476
B.1.575.1,2020-11-30,392
B.1.575.2,2021-05-07,211
B.1.576,2020-03-25,908
B.1.577,2020-04-04,1554
B.1.578,2020-03-17,64
B.1.579,2020-04-05,93
B.1.580,2020-07-20,74
B.1.581,2020-03-22,106
B.1.582,2020-05-27,2278
B.1.585,2020-10-13,37
B.1.586,2020-03-12,93
B.1.587,2020-04-23,673
B.1.588,2020-08-02,1313
B.1.588.1,2020-11-28,26
B.1.589,2020-03-15,130
B.1.590,2020-03-15,206
B.1.591,2020-08-17,144
B.1.592,2020-03-30,26
B.1.593,2020-09-11,87
B.1.594,2020-03-27,31
B.1.595,2020-03-09,4642
B.1.595.1,2020-05-16,175
B.1.595.2,2020-06-14,34
B.1.595.3,2020-06-27,39
B.1.595.4,2020-04-20,283
B.1.596,2020-04-11,2709
B.1.596.1,2020-08-03,93
B.1.597,2020-03-24,130
B.1.598,2020-03-30,65
B.1.599,2020-05-20,326
B.1.6,2020-03-05,59
B.1.600,2020-04-07,146
B.1.601,2020-10-19,33
B.1.602,2020-07-07,218
B.1.603,2020-11-10,101
B.1.604,2020-07-24,58
B.1.605,2020-04-08,186
B.1.606,2020-05-21,160
B.1.607,2020-03-29,19
B.1.609,2020-03-10,2106
B.1.610,2020-06-11,279
B.1.611,2020-06-09,28
B.1.612,2020-03-11,793
B.1.613,2020-04-06,37
B.1.614,2020-06-15,9
B.1.615,2020-07-26,31
B.1.616,2021-01-29,37
B.1.617,2021-02-25,1
B.1.617.1,2020-03-03,8025
B.1.617.2,2020-03-27,240217
B.1.617.3,2021-01-03,324
B.1.618,2020-10-25,233
B.1.619,2020-03-10,1148
B.1.619.1,2021-02-22,1625
B.1.620,2020-04-05,1375
B.1.621,2020-12-15,12871
B.1.621.1,2021-04-09,2100
B.1.621.2,2021-04-11,840
B.1.622,2021-01-19,75
B.1.623,2020-07-08,1884
B.1.625,2020-06-03,494
B.1.626,2021-04-15,268
B.1.627,2021-01-09,503
B.1.629,2021-02-23,70
B.1.630,2021-03-17,201
B.1.631,2020-12-16,314
B.1.632,2021-04-19,165
B.1.633,2021-03-17,18
B.1.634,2021-03-02,310
B.1.635,2021-01-16,58
B.1.636,2020-03-23,118
B.1.637,2020-05-29,14103
B.1.637.1,2021-09-21,79
B.1.638,2021-04-09,18
B.1.639,2021-01-19,57
B.1.640.1,2021-01-01,1124
B.1.640.2,2021-10-15,59
B.1.641,2021-11-03,5
B.1.67,2020-03-23,24
B.1.69,2020-03-06,27
B.1.70,2020-03-13,38
B.1.76,2020-02-24,91
B.1.77,2020-05-18,22
B.1.78,2020-03-12,111
B.1.8,2020-03-04,598
B.1.81,2020-03-18,47
B.1.83,2020-03-20,66
B.1.84,2020-03-31,48
B.1.9,2020-03-04,164
B.1.9.1,2020-03-31,31
B.1.9.2,2020-04-20,10
B.1.9.3,2020-03-17,27
B.1.9.4,2020-06-16,200
B.1.9.5,2020-03-14,163
B.1.91,2020-02-21,472
B.1.93,2020-03-06,1085
B.1.94,2020-03-15,42
B.1.96,2020-04-01,42
B.1.97,2020-03-24,40
B.10,2020-03-12,126
B.11,2020-02-27,227
B.12,2020-01-20,134
B.13,2020-04-03,21
B.15,2020-03-11,56
B.18,2020-03-16,24
B.19,2020-03-29,28
B.20,2020-03-31,43
B.23,2020-02-28,335
B.26,2020-03-17,67
B.27,2020-03-03,65
B.28,2020-03-06,311
B.29,2020-02-27,279
B.3,2020-02-23,1164
B.3.1,2020-01-21,616
B.30,2020-03-09,69
B.31,2020-03-03,272
B.32,2020-03-13,37
B.33,2020-03-03,49
B.34,2020-03-13,72
B.35,2020-03-05,122
B.36,2020-03-13,13
B.37,2020-03-12,31
B.38,2020-03-07,43
B.39,2020-02-25,414
B.4,2020-01-18,439
B.4.1,2020-03-22,27
B.4.2,2020-02-25,15
B.4.4,2020-03-10,58
B.4.5,2020-03-09,85
B.4.6,2020-02-29,73
B.4.7,2020-03-14,67
B.4.8,2020-05-17,17
B.40,2020-02-09,2686
B.41,2020-02-06,127
B.42,2020-01-26,31
B.43,2020-01-30,67
B.44,2020-03-17,10
B.45,2020-03-13,261
B.46,2020-03-18,49
B.47,2020-03-06,38
B.49,2020-03-09,20
B.5,2020-02-05,28
B.50,2020-03-14,9
B.51,2020-03-18,21
B.52,2020-03-12,99
B.53,2020-02-07,85
B.55,2020-01-29,248
B.56,2020-03-14,35
B.57,2020-03-02,65
B.58,2020-03-04,93
B.6,2020-02-14,1032
B.6.1,2020-03-11,38
B.6.2,2020-05-23,16
B.6.3,2020-03-10,37
B.6.4,2020-04-18,22
B.6.5,2020-03-19,15
B.6.6,2020-03-10,1017
B.6.8,2020-01-15,179
B.60,2020-03-04,54
B.61,2020-02-09,177
BA.1,2020-05-25,470896
BA.1.1,2020-06-11,1014124
BA.1.1.1,2020-10-29,62477
BA.1.1.10,2021-11-29,3670
BA.1.1.11,2021-01-01,4218
BA.1.1.12,2021-12-06,4043
BA.1.1.13,2021-11-30,8404
BA.1.1.14,2020-12-10,19820
BA.1.1.15,2021-04-29,17096
BA.1.1.16,2021-12-02,4633
BA.1.1.17,2021-01-12,628
BA.1.1.18,2020-08-27,69710
BA.1.1.2,2021-01-06,59980
BA.1.1.3,2021-11-28,402
BA.1.1.4,2021-12-13,2023
BA.1.1.5,2021-12-12,381
BA.1.1.6,2021-12-05,880
BA.1.1.7,2021-12-08,965
BA.1.1.8,2021-11-26,1063
BA.1.1.9,2021-12-28,1495
BA.1.10,2021-01-09,2448
BA.1.12,2021-11-22,2803
BA.1.13,2021-11-16,4607
BA.1.13.1,2021-12-12,3675
BA.1.14,2021-01-10,10507
BA.1.14.1,2021-12-06,4385
BA.1.14.2,2021-11-30,874
BA.1.15,2020-05-30,183358
BA.1.15.1,2021-01-01,41947
BA.1.15.2,2021-12-12,2237
BA.1.15.3,2021-11-28,210
BA.1.16,2021-02-05,13513
BA.1.16.1,2022-01-01,136
BA.1.16.2,2021-12-22,98
BA.1.17,2021-01-04,71391
BA.1.17.1,2021-12-05,520
BA.1.17.2,2020-10-23,199491
BA.1.18,2021-01-01,60773
BA.1.19,2020-08-20,4032
BA.1.2,2021-12-22,153
BA.1.20,2020-09-13,38483
BA.1.21,2021-01-09,6702
BA.1.21.1,2021-01-03,1061
BA.1.22,2021-12-27,92
BA.1.23,2022-02-06,15
BA.1.24,2022-02-17,8
BA.1.3,2021-11-27,435
BA.1.4,2021-11-26,822
BA.1.5,2021-07-14,540
BA.1.6,2021-12-01,732
BA.1.7,2021-12-01,707
BA.1.8,2021-12-08,905
BA.1.9,2021-11-26,971
BA.2,2020-03-28,1217791
BA.2.1,2021-12-08,15924
BA.2.10,2020-04-03,64654
BA.2.10.1,2021-12-23,8722
BA.2.10.2,2022-01-06,1692
BA.2.10.3,2021-12-26,217
BA.2.11,2022-02-24,1162
BA.2.12,2021-12-06,7568
BA.2.12.1,2020-04-15,268512
BA.2.12.2,2022-02-05,1423
BA.2.13,2022-01-11,4555
BA.2.13.1,2022-04-09,877
BA.2.14,2022-01-13,1664
BA.2.15,2021-12-28,319
BA.2.16,2021-12-20,539
BA.2.17,2022-01-19,452
BA.2.18,2021-11-15,11107
BA.2.19,2021-12-07,613
BA.2.2,2022-01-04,4881
BA.2.2.1,2022-01-14,48
BA.2.20,2022-01-07,1602
BA.2.21,2022-01-24,2051
BA.2.22,2022-01-30,2002
BA.2.23,2020-10-11,17586
BA.2.23.1,2021-12-30,1048
BA.2.24,2022-01-06,7881
BA.2.25,2022-01-03,834
BA.2.25.1,2022-01-24,129
BA.2.26,2022-01-18,1422
BA.2.27,2021-12-21,320
BA.2.28,2022-01-13,150
BA.2.29,2022-01-17,5375
BA.2.3,2020-09-24,111246
BA.2.3.1,2022-01-10,10374
BA.2.3.10,2022-02-17,842
BA.2.3.11,2022-01-01,2403
BA.2.3.12,2022-01-28,1387
BA.2.3.13,2021-12-29,6589
BA.2.3.14,2022-01-14,1191
BA.2.3.15,2022-01-07,1762
BA.2.3.16,2021-05-06,515
BA.2.3.17,2022-01-11,2292
BA.2.3.18,2022-01-19,663
BA.2.3.19,2022-04-16,41
BA.2.3.2,2022-01-13,2234
BA.2.3.4,2022-01-24,1082
BA.2.3.5,2022-01-07,332
BA.2.3.6,2022-01-05,1320
BA.2.3.7,2022-03-08,1937
BA.2.3.8,2022-02-10,268
BA.2.3.9,2021-12-27,520
BA.2.30,2022-01-20,304
BA.2.31,2022-01-10,3143
BA.2.32,2021-12-27,1526
BA.2.33,2022-01-14,827
BA.2.34,2021-12-21,460
BA.2.35,2022-01-05,452
BA.2.36,2021-11-15,10541
BA.2.37,2021-12-06,7278
BA.2.38,2020-06-30,9254
BA.2.38.1,2022-01-22,744
BA.2.39,2022-01-17,720
BA.2.4,2021-12-30,490
BA.2.40,2022-02-06,88
BA.2.40.1,2022-02-08,2323
BA.2.41,2022-01-31,1536
BA.2.42,2022-03-09,1492
BA.2.43,2022-03-12,165
BA.2.44,2021-11-15,982
BA.2.45,2022-01-01,943
BA.2.46,2022-03-02,151
BA.2.47,2022-01-13,1280
BA.2.48,2022-01-19,2185
BA.2.49,2022-01-10,1610
BA.2.5,2022-01-07,3424
BA.2.50,2022-01-21,798
BA.2.51,2021-12-31,504
BA.2.52,2021-11-15,1530
BA.2.53,2022-03-08,445
BA.2.54,2021-11-15,739
BA.2.55,2022-02-13,262
BA.2.56,2021-06-30,4605
BA.2.56.1,2022-03-27,125
BA.2.57,2022-01-15,589
BA.2.58,2021-06-30,418
BA.2.59,2022-03-02,389
BA.2.6,2021-11-15,3087
BA.2.60,2022-04-07,185
BA.2.61,2022-02-14,445
BA.2.62,2022-01-20,706
BA.2.63,2021-12-29,246
BA.2.64,2022-01-17,681
BA.2.65,2021-10-11,4760
BA.2.66,2022-03-02,385
BA.2.67,2021-11-09,375
BA.2.68,2022-01-27,1556
BA.2.69,2022-02-10,228
BA.2.7,2021-11-15,4432
BA.2.70,2022-02-05,458
BA.2.71,2022-01-29,509
BA.2.72,2021-12-12,1039
BA.2.73,2021-12-24,751
BA.2.74,2022-01-05,1252
BA.2.75,2021-12-31,3687
BA.2.76,2022-01-04,4630
BA.2.77,2022-05-01,42
BA.2.78,2021-10-20,325
BA.2.79,2022-02-15,332
BA.2.79.1,2022-05-05,88
BA.2.8,2022-02-05,6774
BA.2.80,2022-05-04,25
BA.2.81,2022-03-11,553
BA.2.9,2020-07-21,205454
BA.2.9.1,2022-02-10,778
BA.2.9.2,2022-01-26,1019
BA.2.9.3,2020-07-01,3983
BA.2.9.4,2022-02-12,829
BA.2.9.5,2022-01-12,1674
BA.3,2021-05-05,1119
BA.3.1,2022-01-01,272
BA.4,2020-07-02,43010
BA.4.1,2020-10-14,54464
BA.4.1.1,2022-02-25,2552
BA.4.1.2,2022-04-19,244
BA.4.1.3,2022-05-09,113
BA.4.1.4,2022-05-12,132
BA.4.1.5,2022-06-06,7
BA.4.1.6,2022-06-07,13
BA.4.1.8,2022-05-24,44
BA.4.2,2022-03-08,758
BA.4.3,2022-03-28,96
BA.4.4,2022-04-03,1306
BA.4.5,2022-05-01,175
BA.4.6,2020-07-20,13368
BA.4.7,2020-07-25,649
BA.5,2020-06-30,32194
BA.5.1,2020-03-14,173883
BA.5.1.1,2022-02-20,7892
BA.5.1.2,2022-04-03,3490
BA.5.1.3,2022-02-24,6576
BA.5.1.4,2022-05-25,1015
BA.5.1.5,2022-07-04,16
BA.5.1.6,2022-06-30,4
BA.5.1.7,2022-08-01,1
BA.5.1.8,2022-08-04,1
BA.5.2,2020-07-02,106505
BA.5.2.1,2020-07-21,151919
BA.5.2.2,2022-05-02,2947
BA.5.2.3,2022-02-27,4081
BA.5.2.4,2022-05-15,507
BA.5.3,2021-07-05,3580
BA.5.3.1,2020-07-01,6474
BA.5.3.2,2021-12-20,2340
BA.5.3.3,2022-04-01,1856
BA.5.3.4,2021-11-15,855
BA.5.5,2022-01-10,39761
BA.5.6,2021-12-14,22173
BA.5.6.1,2022-07-11,1
BA.5.8,2022-06-07,27
BA.5.9,2022-06-03,184
BB.2,2021-05-19,384
BC.1,2021-01-13,6143
BC.2,2021-12-15,139
BD.1,2021-03-02,5756
BE.1,2020-06-30,18111
BE.1.1,2022-02-22,37091
BE.2,2022-04-06,781
BE.3,2022-01-19,5790
BF.1,2020-07-23,8561
BF.1.1,2022-04-28,406
BF.10,2022-06-24,14
BF.11,2022-07-04,8
BF.12,2022-06-27,3
BF.2,2022-04-30,1172
BF.3,2022-05-03,1240
BF.3.1,2022-07-07,2
BF.4,2022-04-29,2230
BF.5,2020-07-21,22048
BF.6,2022-05-20,981
BF.7,2022-06-07,40
BF.8,2022-06-20,9
BG.1,2022-04-15,281
BG.2,2022-02-26,1061
BG.3,2022-05-03,185
BG.4,2022-05-01,256
BG.5,2022-06-22,1
C.1,2020-04-12,506
C.1.1,2020-11-25,12
C.1.2,2021-05-11,360
C.10,2020-04-22,4
C.11,2020-04-01,98
C.12,2020-08-12,121
C.13,2020-03-29,46
C.14,2020-03-20,297
C.16,2020-05-29,899
C.17,2020-06-02,14
C.18,2020-07-01,197
C.19,2020-12-07,37
C.2,2020-06-09,63
C.2.1,2020-12-18,163
C.20,2020-10-26,13
C.21,2020-09-15,7
C.22,2020-04-03,14
C.23,2020-05-11,178
C.25,2020-03-20,8
C.26,2020-04-28,145
C.27,2020-04-19,50
C.28,2020-04-30,41
C.29,2020-06-25,15
C.3,2020-05-20,131
C.30,2020-08-04,571
C.30.1,2020-10-05,148
C.31,2020-08-11,69
C.32,2020-05-07,51
C.33,2020-05-18,22
C.34,2020-08-06,28
C.35,2020-04-06,1318
C.36,2020-03-13,1090
C.36.1,2020-09-17,222
C.36.2,2020-10-16,29
C.36.3,2020-04-26,1886
C.36.3.1,2021-03-29,336
C.37,2020-07-21,9952
C.37.1,2021-02-10,390
C.38,2021-02-16,134
C.39,2021-02-10,26
C.4,2020-05-19,132
C.40,2021-02-02,38
C.5,2020-09-02,9
C.6,2020-05-07,6
C.7,2020-05-11,29
C.8,2020-03-23,227
C.9,2020-05-20,31
D.2,2020-03-19,13628
D.3,2020-06-14,169
D.4,2020-08-13,15
D.5,2020-10-12,208
G.1,2020-09-10,24
K.1,2020-07-23,35
K.2,2020-07-26,23
K.3,2020-08-29,162
L.1,2020-03-26,589
L.2,2020-03-23,82
L.3,2020-07-07,295
L.4,2020-06-29,23
M.1,2020-12-07,46
M.2,2020-10-26,10
M.3,2020-09-01,15
N.1,2020-03-25,37
N.10,2020-12-29,35
N.2,2020-05-16,22
N.3,2020-04-17,178
N.4,2020-03-25,242
N.5,2020-04-25,686
N.6,2020-02-16,140
N.7,2020-06-18,59
N.8,2020-04-03,36
N.9,2020-09-25,226
P.1,2020-03-04,72501
P.1.1,2020-12-23,3000
P.1.10,2021-01-26,3796
P.1.10.1,2021-04-25,84
P.1.10.2,2021-05-17,24
P.1.11,2021-05-10,122
P.1.12,2020-12-23,1348
P.1.12.1,2021-07-17,172
P.1.13,2021-02-24,1107
P.1.14,2020-04-13,18739
P.1.15,2020-08-01,4759
P.1.16,2021-01-31,2577
P.1.17,2020-07-07,6760
P.1.17.1,2021-04-02,1220
P.1.2,2020-07-22,1131
P.1.3,2021-03-12,29
P.1.4,2021-03-19,1076
P.1.5,2021-04-03,12
P.1.6,2021-03-26,568
P.1.7,2021-03-15,4179
P.1.7.1,2021-02-07,797
P.1.8,2021-05-03,282
P.1.9,2021-04-09,280
P.2,2020-04-13,6238
P.3,2021-01-08,625
P.4,2021-02-17,270
P.5,2021-03-09,58
P.6,2020-12-02,320
P.7,2020-05-29,272
Q.1,2021-01-08,6761
Q.2,2020-12-15,1664
Q.3,2020-07-08,7492
Q.4,2020-12-13,2160
Q.5,2021-04-11,52
Q.6,2021-03-02,162
Q.7,2021-01-29,898
Q.8,2021-01-27,369
R.1,2020-01-14,11240
R.2,2021-01-04,40
S.1,2020-08-18,119
U.1,2020-12-15,78
U.2,2020-11-11,100
U.3,2021-01-11,297
Unassigned,2019-12-31,165967
V.1,2020-10-05,46
V.2,2020-10-20,33
W.1,2020-10-02,116
W.2,2020-09-23,204
W.3,2020-08-18,182
W.4,2020-06-02,741
XA,2021-01-30,45
XAA,2022-02-12,96
XAB,2022-02-25,114
XAC,2022-01-11,204
XAD,2022-02-15,56
XAE,2022-02-26,127
XAF,2022-02-22,263
XAG,2022-03-10,353
XAH,2022-02-22,82
XAJ,2022-05-25,79
XAN,2022-05-25,30
XB,2020-07-08,3420
XC,2021-08-05,25
XD,2022-01-03,33
XE,2022-01-19,2723
XF,2022-01-07,34
XG,2022-01-11,477
XH,2021-12-30,169
XJ,2022-01-19,252
XK,2022-02-10,18
XL,2022-02-06,119
XM,2021-12-17,516
XN,2022-02-13,154
XP,2022-02-22,57
XQ,2022-02-12,134
XR,2022-02-13,181
XS,2022-01-19,59
XT,2021-12-13,13
XU,2022-01-20,16
XV,2022-01-31,42
XW,2022-03-13,99
XY,2022-02-28,120
XZ,2022-03-19,108
Y.1,2020-11-03,78
Z.1,2020-06-02,318
